<beans xmlns="http://www.springframework.org/schema/beans"
	xmlns:xsi="http://www.w3.org/2001/XMLSchema-instance" 
	xmlns:aop="http://www.springframework.org/schema/aop"
	xmlns:context="http://www.springframework.org/schema/context"
	xsi:schemaLocation="http://www.springframework.org/schema/beans
	http://www.springframework.org/schema/beans/spring-beans-3.0.xsd 
	http://www.springframework.org/schema/aop 
	http://www.springframework.org/schema/aop/spring-aop-3.0.xsd 
	http://www.springframework.org/schema/context
	http://www.springframework.org/schema/context/spring-context-3.0.xsd">

<context:annotation-config/>

<context:component-scan base-package="com.spring.category.action"/>
<context:component-scan base-package="com.spring.action"/>
<context:component-scan base-package="com.spring.book.action"/>
<context:component-scan base-package=" com.spring.cart.action"/>



<!-- Configuration for view resolver -->
<!-- convert logic name of jsp into it's physical location -->
<bean id="viewResolver"
		class="org.springframework.web.servlet.view.InternalResourceViewResolver">
		<property name="prefix">
			<value>/WEB-INF/pages/</value>
		</property>
		<property name="suffix">
			<value>.jsp</value>
		</property>
</bean>
<!-- index is logic name of any jsp
     <prefix>ameet<suffix>
     /WEB-INF/pages/index.jsp
     /WEB-INF/pages/lion.jsp
 -->
		
</beans>