<beans xmlns="http://www.springframework.org/schema/beans"
	xmlns:xsi="http://www.w3.org/2001/XMLSchema-instance" xmlns:aop="http://www.springframework.org/schema/aop"
	xmlns:tx="http://www.springframework.org/schema/tx" xmlns:context="http://www.springframework.org/schema/context"
	xsi:schemaLocation="http://www.springframework.org/schema/beans
	http://www.springframework.org/schema/beans/spring-beans-3.0.xsd 
	http://www.springframework.org/schema/aop 
	http://www.springframework.org/schema/aop/spring-aop-3.0.xsd 
	http://www.springframework.org/schema/context
	http://www.springframework.org/schema/context/spring-context-3.0.xsd
	http://www.springframework.org/schema/tx
    http://www.springframework.org/schema/tx/spring-tx-3.0.xsd">
    
   
	<context:annotation-config />
	<context:component-scan base-package="com.shopping.cart.hibernate.dao" />
	
	<context:component-scan base-package="com.spring.advice"/>
	
    <bean id="shoppingCardDaoImplProxy"
	class="org.springframework.aop.framework.ProxyFactoryBean">
 
	<property name="target" ref="shoppingCardDaoImpl" />
 
	<property name="interceptorNames">
		<list>
			<value>aroundAdviceDemo</value>
			<!--<value>shoppingAfterAdvice</value>
		--></list>
	</property>
    </bean>

	

	<!-- トランザクションの設定です。 プロクシ生成には CGLIB を使用します。 デフォルトで "transactionManager"という 
		Bean 名の トランザクションマネージャを使用します。 -->

	<!--I want to use spring trasaction with annotation -->
	
	<!-- This code snippet is for Spring Transaction with Annotation -->
	<tx:annotation-driven proxy-target-class="true"
		order="100" transaction-manager="transactionManager" />
		
	<!-- we want to apply transaction on entityManagerFactory -->
	<bean class="org.springframework.orm.jpa.JpaTransactionManager"
		id="transactionManager">
		<property name="entityManagerFactory" ref="entityManagerFactory" />
	</bean>	
		

	<!-- this is similar to Session Factory in Hibernate -->
	<!-- We are able to create object of Entity Manager Factory -->
	<bean id="entityManagerFactory"
		class="org.springframework.orm.jpa.LocalEntityManagerFactoryBean">
		<property name="persistenceUnitName" value="JPAShoppingCart" />
	</bean>


</beans>